word	level	pinyin	gloss
爱	HSK1	ài	to love; to be fond of; to like; affection
八	HSK1	bā	eight; 8
爸爸	HSK1	bà ba	(coll.) father; dad
杯子	HSK1	bēi zi	cup; glass
北京	HSK1	Běi jīng	Beijing, capital of the People's Republic of China
本	HSK1	běn	root; stem
不	HSK1	bù	no; not so; (bound form) not; un-
不客气	HSK1	bù kè qi	you're welcome; don't mention it
菜	HSK1	cài	dish (type of food); vegetable
茶	HSK1	chá	tea; tea plant
吃	HSK1	chī	to eat; to consume; to eat at (a cafeteria etc)
出租车	HSK1	chū zū chē	taxi; (Tw) rental car
打电话	HSK1	dǎ diàn huà	to make a telephone call
大	HSK1	dà	big; large; great; older (than another person)
的	HSK1	de	of; ~'s (possessive particle); (used after an attribute)
点	HSK1	diǎn	point; dot
电脑	HSK1	diàn nǎo	computer
电视	HSK1	diàn shì	television; TV
电影	HSK1	diàn yǐng	movie; film
东西	HSK1	dōng xī	east and west
都	HSK1	Dū	surname Du
读	HSK1	dòu	comma; phrase marked by pause
对不起	HSK1	duì bu qǐ	I'm sorry; excuse me; I beg your pardon; to let (sb) down; to disappoint
多	HSK1	duō	many; much; too many; in excess
多少	HSK1	duō shǎo	number; amount
儿子	HSK1	ér zi	son
二	HSK1	èr	two; 2
饭馆	HSK1	fàn guǎn	restaurant
飞机	HSK1	fēi jī	airplane
分钟	HSK1	fēn zhōng	minute
高兴	HSK1	gāo xìng	happy; glad
个	HSK1	gě	used in 自个儿
工作	HSK1	gōng zuò	to work; (of a machine) to operate
狗	HSK1	gǒu	dog
汉语	HSK1	Hàn yǔ	Chinese language
好	HSK1	hǎo	good; appropriate; proper
喝	HSK1	hē	to drink; variant of 嗬
和	HSK1	hé	old variant of 和
很	HSK1	hěn	(adverb of degree); quite
后面	HSK1	hòu mian	the back; the rear; the last bit; behind; near the end; at the back
回	HSK1	huí	to circle; to go back
会	HSK1	huì	can; to have the skill; to know how to; to be likely to; to be sure to
火车站	HSK1	huǒ chē zhàn	train station
几	HSK1	jī	small table
家	HSK1	jiā	used in 家伙 and 家俱
叫	HSK1	jiào	to shout; to call
今天	HSK1	jīn tiān	today; at the present
九	HSK1	jiǔ	nine; 9
开	HSK1	kāi	to open (transitive or intransitive); (of ships, vehicles, troops etc) to start
看	HSK1	kān	to look after; to take care of
看见	HSK1	kàn jiàn	to see; to catch sight of
块	HSK1	kuài	lump; chunk; piece; classifier for pieces of cloth, cake, soap etc
来	HSK1	lái	to come; (used as a substitute for a more specific verb)
老师	HSK1	lǎo shī	teacher
了	HSK1	le	(completed action marker); (modal particle indicating change of state, situation now)
冷	HSK1	Lěng	surname Leng
里	HSK1	lǐ	variant of 里
零	HSK1	líng	zero; nought
六	HSK1	liù	six; 6
妈妈	HSK1	mā ma	mama; mommy
吗	HSK1	má	(coll.) what?
买	HSK1	mǎi	to buy; to purchase
猫	HSK1	māo	cat; (dialect) to hide oneself
没	HSK1	méi	(negative prefix for verbs) have not; not
没关系	HSK1	méi guān xi	it doesn't matter
米饭	HSK1	mǐ fàn	(cooked) rice
名字	HSK1	míng zi	name (of a person or thing)
明天	HSK1	míng tiān	tomorrow
哪	HSK1	nǎ	how; which
那	HSK1	Nā	surname Na
呢	HSK1	ne	particle indicating that a previously asked question is to be applied to the preceding word ("What about ...?", "And ...?"); particle for inquiring about location ("Where is ...?")
能	HSK1	Néng	surname Neng
你	HSK1	nǐ	you (informal, as opposed to courteous 您)
年	HSK1	Nián	surname Nian
女儿	HSK1	nǚ ér	daughter
朋友	HSK1	péng you	friend
漂亮	HSK1	piào liang	pretty; beautiful
苹果	HSK1	píng guǒ	apple
七	HSK1	qī	seven; 7
前面	HSK1	qián miàn	ahead; in front
钱	HSK1	Qián	surname Qian
请	HSK1	qǐng	to ask; to invite
去	HSK1	qù	to go; to go to (a place)
热	HSK1	rè	to warm up; to heat up
人	HSK1	rén	person; people
认识	HSK1	rèn shi	to know; to recognize
日	HSK1	Rì	abbr. for 本, Japan
三	HSK1	Sān	surname San
商店	HSK1	shāng diàn	store; shop
上	HSK1	shǎng	used in 上声
上午	HSK1	shàng wǔ	morning
少	HSK1	shǎo	few; less
什么	HSK1	shén me	what?; something
十	HSK1	shí	ten; 10
时候	HSK1	shí hou	time; length of time
是	HSK1	shì	to be (followed by substantives only); correct; right; true
书	HSK1	Shū	abbr. for 书经
谁	HSK1	shéi	who; also pr. [shuí]
水	HSK1	Shuǐ	surname Shui
水果	HSK1	shuǐ guǒ	fruit
睡觉	HSK1	shuì jiào	to go to bed; to sleep
说话	HSK1	shuō huà	to speak; to say
四	HSK1	sì	four; 4
岁	HSK1	suì	variant of 岁, year; years old
他	HSK1	tā	he; him (used for either sex when the sex is unknown or unimportant); (used before sb's name for emphasis)
她	HSK1	tā	she
太	HSK1	tài	highest; greatest
天气	HSK1	tiān qì	weather
听	HSK1	yǐn	smile (archaic)
同学	HSK1	tóng xué	to study at the same school; fellow student
喂	HSK1	wéi	hello (when answering the phone)
我	HSK1	wǒ	I; me; my
我们	HSK1	wǒ men	we; us
五	HSK1	wǔ	five; 5
喜欢	HSK1	xǐ huan	to like; to be fond of
下	HSK1	xià	down; downwards
下午	HSK1	xià wǔ	afternoon; p.m.
下雨	HSK1	xià yǔ	to rain
先生	HSK1	xiān sheng	teacher; gentleman; sir; mister (Mr.)
现在	HSK1	xiàn zài	now; at present
想	HSK1	xiǎng	to think (about); to think of; to devise
小	HSK1	xiǎo	small; tiny
小姐	HSK1	xiǎo jie	young lady; miss
些	HSK1	xiē	classifier indicating a small amount or small number greater than 1: some, a few, several
写	HSK1	xiě	to write
谢谢	HSK1	xiè xie	to thank; thanks
星期	HSK1	xīng qī	week; day of the week
学生	HSK1	xué sheng	student; schoolchild
学习	HSK1	xué xí	to learn; to study
学校	HSK1	xué xiào	school
一	HSK1	yī	one; single
衣服	HSK1	yī fu	clothes
医生	HSK1	yī shēng	doctor
医院	HSK1	yī yuàn	hospital
椅子	HSK1	yǐ zi	chair
有	HSK1	yǒu	to have; there is; (bound form) having; with; -ful; -ed; -al (as in 意 intentional)
月	HSK1	yuè	moon; month
再见	HSK1	zài jiàn	goodbye; see you again later
在	HSK1	zài	to exist; to be alive; (of sb or sth) to be (located) at
怎么	HSK1	zěn me	how?; what?
怎么样	HSK1	zěn me yàng	how?; how about?
这	HSK1	zhè	(pronoun) this; these; (bound form) this; the (followed by a noun)
中国	HSK1	Zhōng guó	China
中午	HSK1	zhōng wǔ	noon; midday
住	HSK1	zhù	to live; to dwell
桌子	HSK1	zhuō zi	table; desk
字	HSK1	zì	letter; symbol
昨天	HSK1	zuó tiān	yesterday
坐	HSK1	Zuò	surname Zuo
做	HSK1	zuò	to make; to produce; to write; to compose
吧	HSK2	bā	bar (loanword) (serving drinks, or providing Internet access etc); to puff (on a pipe etc)
白	HSK2	Bái	surname Bai
百	HSK2	Bǎi	surname Bai
帮助	HSK2	bāng zhù	assistance; aid; to help; to assist
报纸	HSK2	bào zhǐ	newspaper; newsprint
比	HSK2	Bǐ	Belgium; Belgian
便宜	HSK2	biàn yí	convenient
别	HSK2	Bié	surname Bie
唱歌	HSK2	chàng gē	to sing a song
出	HSK2	chū	to go out; to come out
穿	HSK2	chuān	to wear; to put on
船	HSK2	chuán	variant of 船
次	HSK2	cì	next in sequence; second
从	HSK2	cóng	variant of 从
错	HSK2	Cuò	surname Cuo
打篮球	HSK2	dǎ lán qiú	to play basketball
大家	HSK2	dà jiā	everyone; influential family
但是	HSK2	dàn shì	but; however
到	HSK2	dào	to reach; to arrive; to leave for; to go to
得	HSK2	dé	to obtain; to get
弟弟	HSK2	dì di	younger brother
第一	HSK2	dì yī	first; number one
懂	HSK2	dǒng	to understand; to comprehend
房间	HSK2	fáng jiān	room
非常	HSK2	fēi cháng	very; really; unusual; extraordinary
服务员	HSK2	fú wù yuán	waiter; waitress
高	HSK2	Gāo	surname Gao
告诉	HSK2	gào sù	to press charges; to file a complaint
哥哥	HSK2	gē ge	older brother
给	HSK2	gěi	to; for
公共汽车	HSK2	gōng gòng qì chē	bus
公斤	HSK2	gōng jīn	kilogram (kg)
公司	HSK2	gōng sī	company; firm; corporation
贵	HSK2	guì	expensive; noble
还	HSK2	Huán	surname Huan
孩子	HSK2	hái zi	child
好吃	HSK2	hǎo chī	tasty; delicious
号	HSK2	háo	roar; cry
黑	HSK2	Hēi	abbr. for Heilongjiang province 黑龙江
红	HSK2	Hóng	surname Hong
欢迎	HSK2	huān yíng	to welcome; welcome
回答	HSK2	huí dá	to reply; to answer; reply; answer
机场	HSK2	jī chǎng	airport; airfield; (slang) service provider for Shadowsocks or similar software for circumventing Internet censorship
鸡蛋	HSK2	jī dàn	(chicken) egg; hen's egg
件	HSK2	jiàn	item; component
教室	HSK2	jiào shì	classroom
介绍	HSK2	jiè shào	to introduce (sb to sb); to give a presentation
姐姐	HSK2	jiě jie	older sister
近	HSK2	jìn	near; close to
进	HSK2	jìn	to go forward; to advance
就	HSK2	jiù	(after a suppositional clause) in that case; then; (after a clause of action) as soon as; immediately after
觉得	HSK2	jué de	to think that ...; to feel that ...; to feel (uncomfortable etc)
咖啡	HSK2	kā fēi	coffee (loanword)
开始	HSK2	kāi shǐ	to begin; beginning
考试	HSK2	kǎo shì	to take an exam; exam
可能	HSK2	kě néng	might (happen); possible
可以	HSK2	kě yǐ	can; may
课	HSK2	kè	subject; course
快	HSK2	kuài	rapid; quick
快乐	HSK2	kuài lè	happy; joyful
累	HSK2	lěi	to accumulate; to involve or implicate (Taiwan pr. [lèi])
离	HSK2	chī	mythical beast (archaic)
两	HSK2	liǎng	two; both
路	HSK2	Lù	surname Lu
旅游	HSK2	lǚ yóu	trip; journey
卖	HSK2	mài	to sell; to betray
慢	HSK2	màn	slow
忙	HSK2	máng	busy; hurriedly
每	HSK2	měi	each; every
妹妹	HSK2	mèi mei	younger sister; young woman
门	HSK2	Mén	surname Men
男人	HSK2	nán rén	a man; a male
您	HSK2	nín	you (courteous, as opposed to informal 你)
牛奶	HSK2	niú nǎi	cow's milk
女人	HSK2	nǚ rén	woman
旁边	HSK2	páng biān	side; adjacent place
跑步	HSK2	pǎo bù	to run; to jog
票	HSK2	piào	ticket; ballot
妻子	HSK2	qī zǐ	wife and children
起床	HSK2	qǐ chuáng	to get out of bed; to get up
千	HSK2	qiān	thousand
晴	HSK2	qíng	clear; fine (weather)
去年	HSK2	qù nián	last year
让	HSK2	ràng	to yield; to permit
上班	HSK2	shàng bān	to go to work; to be on duty
身体	HSK2	shēn tǐ	the body; one's health
生病	HSK2	shēng bìng	to fall ill
生日	HSK2	shēng rì	birthday
时间	HSK2	shí jiān	time; period
事情	HSK2	shì qing	affair; matter; thing; business
手表	HSK2	shǒu biǎo	wristwatch
手机	HSK2	shǒu jī	cell phone; mobile phone
送	HSK2	sòng	to send; to deliver; to transmit; to give (as a present)
所以	HSK2	suǒ yǐ	therefore; as a result
它	HSK2	tā	it
踢	HSK2	tī	to kick; to play (e.g. soccer)
题	HSK2	Tí	surname Ti
跳舞	HSK2	tiào wǔ	to dance
外	HSK2	wài	outside; in addition
完	HSK2	wán	to finish; to be over
玩	HSK2	wán	to play; to have fun
晚上	HSK2	wǎn shang	evening; night
为	HSK2	wéi	as (in the capacity of); to take sth as
问	HSK2	wèn	to ask; to inquire
问题	HSK2	wèn tí	question; problem
希望	HSK2	xī wàng	to hope; a hope; a wish
洗	HSK2	xǐ	to wash; to bathe; to develop (photographs)
西瓜	HSK2	xī guā	watermelon
向	HSK2	Xiàng	surname Xiang
小时	HSK2	xiǎo shí	hour
笑	HSK2	xiào	old variant of 笑
新	HSK2	Xīn	abbr. for Xinjiang 疆 or Singapore 坡; surname Xin
姓	HSK2	xìng	family name; surname
休息	HSK2	xiū xi	rest; to rest
雪	HSK2	Xuě	surname Xue
颜色	HSK2	yán sè	color; countenance
眼睛	HSK2	yǎn jing	eye
羊肉	HSK2	yáng ròu	mutton; goat meat
药	HSK2	yào	leaf of the iris; variant of 药
要	HSK2	yāo	(bound form) to demand; to coerce
也	HSK2	Yě	surname Ye
一起	HSK2	yī qǐ	in the same place; together
已经	HSK2	yǐ jīng	already
意思	HSK2	yì si	idea; opinion
因为	HSK2	yīn wèi	because; owing to
阴	HSK2	Yīn	surname Yin
游泳	HSK2	yóu yǒng	swimming; to swim
右边	HSK2	yòu bian	right side; right, to the right
鱼	HSK2	Yú	surname Yu
元	HSK2	Yuán	surname Yuan; the Yuan or Mongol dynasty (1279-1368)
远	HSK2	yuǎn	far; distant
运动	HSK2	yùn dòng	to move; to exercise
再	HSK2	zài	again; once more; re-; second; another
早上	HSK2	zǎo shang	early morning
张	HSK2	Zhāng	surname Zhang
长	HSK2	cháng	length; long
丈夫	HSK2	zhàng fu	husband
找	HSK2	zhǎo	to try to find; to look for
着	HSK2	zhāo	(chess) move; trick
真	HSK2	zhēn	really; truly
正在	HSK2	zhèng zài	just at (that time); right in (that place)
知道	HSK2	zhī dào	to know; to become aware of; also pr. [zhī dao]
准备	HSK2	zhǔn bèi	preparation; to prepare
自行车	HSK2	zì xíng chē	bicycle; bike
走	HSK2	zǒu	to walk; to go
最	HSK2	zuì	variant of 最
左边	HSK2	zuǒ bian	left; the left side
阿姨	HSK3	ā yí	maternal aunt; step-mother
啊	HSK3	ā	interjection of surprise; Ah!
矮	HSK3	ǎi	low; short (in length)
爱好	HSK3	ài hào	to like; to be fond of; to take pleasure in; to be keen on; interest; hobby
安静	HSK3	ān jìng	quiet; peaceful
把	HSK3	bǎ	to hold; to grasp; to hold a baby in position to help it urinate or defecate
班	HSK3	Bān	surname Ban
搬	HSK3	bān	to move (i.e. relocate oneself); to move (sth relatively heavy or bulky)
办法	HSK3	bàn fǎ	means; method
办公室	HSK3	bàn gōng shì	office; business premises
半	HSK3	bàn	half; semi-
帮忙	HSK3	bāng máng	to help; to lend a hand
包	HSK3	Bāo	surname Bao
饱	HSK3	bǎo	to eat till full; satisfied
北方	HSK3	běi fāng	north; the northern part a country
被	HSK3	bèi	quilt; to cover (with)
鼻子	HSK3	bí zi	nose
比较	HSK3	bǐ jiào	to compare; to contrast
比赛	HSK3	bǐ sài	competition (sports etc); match
必须	HSK3	bì xū	to have to; must
变化	HSK3	biàn huà	(intransitive) to change; to vary; change; variation
表示	HSK3	biǎo shì	to express; to show
表演	HSK3	biǎo yǎn	play; show
别人	HSK3	bié ren	other people; others; other person
宾馆	HSK3	bīn guǎn	guesthouse; lodge
冰箱	HSK3	bīng xiāng	icebox; freezer cabinet
才	HSK3	cái	ability; talent; sb of a certain type
菜单	HSK3	cài dān	menu
参加	HSK3	cān jiā	to participate; to take part
草	HSK3	cǎo	variant of 草
层	HSK3	céng	to pile on top of one another; layer; stratum
差	HSK3	chā	difference; discrepancy; (math.) difference (amount remaining after a subtraction)
超市	HSK3	chāo shì	supermarket (abbr. for 超级市场)
衬衫	HSK3	chèn shān	shirt; blouse
成绩	HSK3	chéng jì	achievement; performance records
城市	HSK3	chéng shì	city; town
迟到	HSK3	chí dào	to arrive late
出现	HSK3	chū xiàn	to appear; to arise
除了	HSK3	chú le	besides; apart from (... also...)
厨房	HSK3	chú fáng	kitchen
春	HSK3	chūn	old variant of 春
词语	HSK3	cí yǔ	word (general term including monosyllables through to short phrases); term (e.g. technical term)
聪明	HSK3	cōng ming	intelligent; clever
打扫	HSK3	dǎ sǎo	to clean; to sweep
打算	HSK3	dǎ suàn	to plan; to intend
带	HSK3	dài	band; belt
担心	HSK3	dān xīn	anxious; worried
蛋糕	HSK3	dàn gāo	cake
当然	HSK3	dāng rán	only natural; as it should be
地	HSK3	de	-ly; structural particle: used before a verb or adjective, linking it to preceding modifying adverbial adjunct
地方	HSK3	dì fāng	region; regional (away from the central administration)
地铁	HSK3	dì tiě	underground railway; subway; subway train
地图	HSK3	dì tú	map
灯	HSK3	dēng	lamp; light
低	HSK3	dī	low; beneath
电梯	HSK3	diàn tī	elevator; escalator
电子	HSK3	diàn zǐ	electronic; electron (particle physics)
东	HSK3	Dōng	surname Dong
冬	HSK3	dōng	winter
动物	HSK3	dòng wù	animal
短	HSK3	duǎn	short; brief
段	HSK3	Duàn	surname Duan
锻炼	HSK3	duàn liàn	to toughen; to temper
多么	HSK3	duō me	how (wonderful etc); what (a great idea etc)
饿	HSK3	è	to be hungry; hungry
而且	HSK3	ér qiě	(not only ...) but also; moreover
耳朵	HSK3	ěr duo	ear; handle (on a cup)
发烧	HSK3	fā shāo	to have a high temperature (from illness); to have a fever
发现	HSK3	fā xiàn	to notice; to become aware of; to discover; to find; to detect
方便	HSK3	fāng biàn	convenient; suitable
放	HSK3	fàng	to put; to place
放心	HSK3	fàng xīn	to feel relieved; to feel reassured
分	HSK3	fēn	to divide; to separate; to distribute; to allocate
附近	HSK3	fù jìn	nearby; neighboring; (in the) vicinity (of); neighborhood
复习	HSK3	fù xí	to review; revision
敢	HSK3	gǎn	to dare; daring
感冒	HSK3	gǎn mào	to catch cold; (common) cold
干净	HSK3	gān jìng	clean; neat
刚才	HSK3	gāng cái	just now; a moment ago
根据	HSK3	gēn jù	according to; based on
跟	HSK3	gēn	heel; to follow closely
更	HSK3	gēng	to change or replace; to experience
公园	HSK3	gōng yuán	park (for public recreation)
故事	HSK3	gù shì	old practice
刮	HSK3	guā	to scrape; to blow
关	HSK3	Guān	surname Guan
关系	HSK3	guān xi	relation; relationship
关心	HSK3	guān xīn	to be concerned about; to care about
关于	HSK3	guān yú	pertaining to; concerning
国家	HSK3	guó jiā	country; nation; state
果汁	HSK3	guǒ zhī	fruit juice
过去	HSK3	guò qù	(in the) past; former
还是	HSK3	hái shi	still (as before); had better
害怕	HSK3	hài pà	to be afraid; to be scared
河	HSK3	hé	river
黑板	HSK3	hēi bǎn	blackboard
护照	HSK3	hù zhào	passport
花	HSK3	Huā	surname Hua
花园	HSK3	huā yuán	garden
画	HSK3	huà	to draw; to paint; picture; painting
坏	HSK3	huài	bad; spoiled
环境	HSK3	huán jìng	environment; circumstances
换	HSK3	huàn	to exchange; to change (clothes etc)
黄	HSK3	Huáng	surname Huang or Hwang
会议	HSK3	huì yì	meeting; conference
或者	HSK3	huò zhě	or; possibly; maybe; perhaps
机会	HSK3	jī huì	opportunity; chance
极	HSK3	jí	extremely; pole (geography, physics)
几乎	HSK3	jī hū	almost; nearly; practically
记得	HSK3	jì de	to remember
季节	HSK3	jì jié	time; season
检查	HSK3	jiǎn chá	inspection; to examine
简单	HSK3	jiǎn dān	simple; not complicated
见面	HSK3	jiàn miàn	to meet; to see each other
健康	HSK3	jiàn kāng	health; healthy
讲	HSK3	jiǎng	to speak; to explain
角	HSK3	Jué	surname Jue
脚	HSK3	jiǎo	foot; leg (of an animal or an object)
教	HSK3	Jiào	surname Jiao
接	HSK3	jiē	to receive; to answer (the phone)
街道	HSK3	jiē dào	street; subdistrict
节目	HSK3	jié mù	program; item (on a program)
节日	HSK3	jié rì	holiday; festival
结婚	HSK3	jié hūn	to marry; to get married
结束	HSK3	jié shù	termination; to finish
解决	HSK3	jiě jué	to solve; to resolve; to settle (a problem); to eliminate; to wipe out (an enemy, bandits etc)
借	HSK3	jiè	to lend; to borrow
经常	HSK3	jīng cháng	frequently; constantly; regularly; often; day-to-day; everyday; daily
经过	HSK3	jīng guò	to pass; to go through
经理	HSK3	jīng lǐ	manager; director
久	HSK3	jiǔ	(long) time; (long) duration of time
旧	HSK3	jiù	old; opposite: new 新
举行	HSK3	jǔ xíng	to hold (a meeting, ceremony etc)
句子	HSK3	jù zi	sentence
决定	HSK3	jué dìng	to decide (to do something); to resolve
可爱	HSK3	kě ài	adorable; cute
渴	HSK3	kě	thirsty
刻	HSK3	kè	quarter (hour); moment
客人	HSK3	kè rén	visitor; guest
空调	HSK3	kōng tiáo	air conditioning; air conditioner (including units that have a heating mode)
口	HSK3	kǒu	mouth; classifier for things with mouths (people, domestic animals, cannons, wells etc)
哭	HSK3	kū	to cry; to weep
裤子	HSK3	kù zi	variant of 裤子, trousers; pants
筷子	HSK3	kuài zi	chopsticks
蓝	HSK3	Lán	surname Lan
老	HSK3	lǎo	prefix used before the surname of a person or a numeral indicating the order of birth of the children in a family or to indicate affection or familiarity; old (of people)
了解	HSK3	liǎo jiě	to understand; to realize
离开	HSK3	lí kāi	to depart; to leave
礼物	HSK3	lǐ wù	gift; present
历史	HSK3	lì shǐ	history
脸	HSK3	liǎn	face
练习	HSK3	liàn xí	to practice; exercise
辆	HSK3	liàng	classifier for vehicles
邻居	HSK3	lín jū	neighbor; next door
楼	HSK3	Lóu	surname Lou
绿	HSK3	lǜ	green; (slang) (derived from 绿帽子) to cheat on (one's spouse or boyfriend or girlfriend)
马	HSK3	Mǎ	surname Ma; abbr. for Malaysia 马来西亚
马上	HSK3	mǎ shàng	at once; right away
满意	HSK3	mǎn yì	satisfied; pleased
帽子	HSK3	mào zi	hat; cap
米	HSK3	Mǐ	surname Mi
面包	HSK3	miàn bāo	bread
面条	HSK3	miàn tiáo	noodles
明白	HSK3	míng bai	clear; obvious
拿	HSK3	ná	old variant of 拿
奶奶	HSK3	nǎi nai	(informal) grandma (paternal grandmother); (respectful) mistress of the house
南	HSK3	Nán	surname Nan
难	HSK3	nán	difficult (to...); problem
难过	HSK3	nán guò	to feel sad; to feel unwell
年级	HSK3	nián jí	grade; year (in school, college etc)
年轻	HSK3	nián qīng	young
鸟	HSK3	diǎo	variant of 屌; penis
努力	HSK3	nǔ lì	to make an effort; to try hard; to strive; hard-working; conscientious
爬山	HSK3	pá shān	to climb a mountain; to mountaineer
盘子	HSK3	pán zi	tray; plate
胖	HSK3	pán	healthy; at ease
啤酒	HSK3	pí jiǔ	beer (loanword)
葡萄	HSK3	pú tao	grape
普通话	HSK3	pǔ tōng huà	Mandarin (common language); Putonghua (common speech of the Chinese language)
其实	HSK3	qí shí	actually; in fact; really
其他	HSK3	qí tā	other; (sth or sb) else
奇怪	HSK3	qí guài	strange; odd
骑	HSK3	jì	(Tw) saddle horse; mounted soldier
铅笔	HSK3	qiān bǐ	(lead) pencil
清楚	HSK3	qīng chu	clear; distinct
秋	HSK3	Qiū	surname Qiu
裙子	HSK3	qún zi	skirt
然后	HSK3	rán hòu	then; after that; afterwards
热情	HSK3	rè qíng	cordial; enthusiastic
认为	HSK3	rèn wéi	to believe; to think; to consider; to feel
认真	HSK3	rèn zhēn	conscientious; earnest
容易	HSK3	róng yì	easy; straightforward; likely; liable to; apt to
如果	HSK3	rú guǒ	if; in case
伞	HSK3	sǎn	umbrella; parasol
上网	HSK3	shàng wǎng	to go online; to connect to the Internet
生气	HSK3	shēng qì	to get angry; to take offense
声音	HSK3	shēng yīn	voice; sound
使	HSK3	shǐ	to make; to cause
世界	HSK3	shì jiè	world
瘦	HSK3	shòu	thin; to lose weight
叔叔	HSK3	shū shu	father's younger brother; uncle
舒服	HSK3	shū fu	comfortable; feeling well
树	HSK3	shù	tree; to cultivate
数学	HSK3	shù xué	mathematics; mathematical
刷	HSK3	shuā	to brush; to paint
双	HSK3	Shuāng	surname Shuang
水平	HSK3	shuǐ píng	level (of achievement etc); standard
司机	HSK3	sī jī	chauffeur; driver
虽然	HSK3	suī rán	although; even though (often used correlatively with 是 or 是 etc)
太阳	HSK3	tài yang	sun; abbr. for 太阳穴
糖	HSK3	táng	sugar; sweets
特别	HSK3	tè bié	unusual; special; very; especially; particularly
疼	HSK3	téng	(it) hurts; sore; to love dearly
提高	HSK3	tí gāo	to raise; to increase
体育	HSK3	tǐ yù	sports; physical education
甜	HSK3	tián	sweet
条	HSK3	tiáo	strip; item
同事	HSK3	tóng shì	colleague; co-worker
同意	HSK3	tóng yì	to agree; to consent
头发	HSK3	tóu fa	hair (on the head)
突然	HSK3	tū rán	sudden; abrupt; unexpected
图书馆	HSK3	tú shū guǎn	library
腿	HSK3	tuǐ	leg
完成	HSK3	wán chéng	to complete; to accomplish
碗	HSK3	wǎn	variant of 碗
万	HSK3	mò	used in 俟
忘记	HSK3	wàng jì	to forget
为了	HSK3	wèi le	for; for the purpose of; in order to
为什么	HSK3	wèi shén me	why?; for what reason?
位	HSK3	wèi	position; location
文化	HSK3	wén huà	culture; civilization
习惯	HSK3	xí guàn	habit; custom
洗手间	HSK3	xǐ shǒu jiān	toilet; lavatory
洗澡	HSK3	xǐ zǎo	to bathe; to take a shower
西	HSK3	Xī	the West; abbr. for Spain 牙
夏	HSK3	Xià	the Xia or Hsia dynasty c. 2000 BC; Xia of the Sixteen Kingdoms (407-432)
先	HSK3	xiān	early; prior
相同	HSK3	xiāng tóng	identical; same
相信	HSK3	xiāng xìn	to be convinced (that sth is true); to believe; to accept sth as true
香蕉	HSK3	xiāng jiāo	banana
像	HSK3	xiàng	to resemble; to be like
小心	HSK3	xiǎo xīn	to be careful; to take care
校长	HSK3	xiào zhǎng	(college, university) president; headmaster
鞋	HSK3	xié	shoe
新闻	HSK3	xīn wén	news
新鲜	HSK3	xīn xiān	fresh (experience, food etc); freshness
信	HSK3	xìn	letter; mail
行李箱	HSK3	xíng li xiāng	suitcase; baggage compartment
兴趣	HSK3	xìng qù	interest (desire to know about sth); interest (thing in which one is interested); hobby
熊猫	HSK3	xióng māo	panda
需要	HSK3	xū yào	to need; to want; to demand; to require; needs
选择	HSK3	xuǎn zé	to select; to pick
眼镜	HSK3	yǎn jìng	spectacles; eyeglasses
要求	HSK3	yāo qiú	to request; to require
爷爷	HSK3	yé ye	(coll.) father's father; paternal grandfather
一般	HSK3	yī bān	same; ordinary
一边	HSK3	yī biān	one side; either side
一定	HSK3	yī dìng	surely; certainly
一共	HSK3	yī gòng	altogether
一会儿	HSK3	yī huì r	a moment; a while
一样	HSK3	yī yàng	same; like
一直	HSK3	yī zhí	straight (in a straight line); continuously; always; all the way through
以后	HSK3	yǐ hòu	after; later
以前	HSK3	yǐ qián	before; formerly
以为	HSK3	yǐ wéi	to think (i.e. to take it to be true that ...) (Usually there is an implication that the notion is mistaken – except when expressing one's own current opinion.)
音乐	HSK3	yīn yuè	music
银行	HSK3	yín háng	bank
应该	HSK3	yīng gāi	ought to; should
影响	HSK3	yǐng xiǎng	influence; effect
用	HSK3	yòng	to use; to employ
游戏	HSK3	yóu xì	game; to play
有名	HSK3	yǒu míng	famous; well-known
又	HSK3	yòu	(once) again; also
遇到	HSK3	yù dào	to meet; to run into; to come across
愿意	HSK3	yuàn yì	to wish; to want
月亮	HSK3	yuè liang	the moon
越	HSK3	Yuè	generic word for peoples or states of south China or south Asia at different historical periods; abbr. for Vietnam 越南
云	HSK3	yún	(classical) to say
站	HSK3	zhàn	station; to stand
照顾	HSK3	zhào gu	to take care of; to show consideration
照片	HSK3	zhào piàn	photograph; picture
照相机	HSK3	zhào xiàng jī	camera
着急	HSK3	zháo jí	to worry; to feel anxious; to feel a sense of urgency; to be in a hurry
只	HSK3	zhǐ	only; merely
中间	HSK3	zhōng jiān	the middle; the inside; in the middle; within; between; among
终于	HSK3	zhōng yú	at last; in the end
种	HSK3	zhǒng	seed; species
重要	HSK3	zhòng yào	important; significant
周末	HSK3	zhōu mò	weekend
主要	HSK3	zhǔ yào	main; principal
注意	HSK3	zhù yì	to take note of; to pay attention to
祝	HSK3	Zhù	surname Zhu
字典	HSK3	zì diǎn	Chinese character dictionary (containing entries for single characters, contrasted with a 词典, which has entries for words of one or more characters); (coll.) dictionary
自己	HSK3	zì jǐ	oneself; one's own
总是	HSK3	zǒng shì	always
最近	HSK3	zuì jìn	recently; soon
作业	HSK3	zuò yè	school assignment; homework
作用	HSK3	zuò yòng	to act on; to affect
爱情	HSK4	ài qíng	romance; love (romantic)
安排	HSK4	ān pái	to arrange; to plan
安全	HSK4	ān quán	safe; secure; safety; security
按时	HSK4	àn shí	on time; before deadline
按照	HSK4	àn zhào	according to; in accordance with
暗	HSK4	àn	variant of 暗
包括	HSK4	bāo kuò	to comprise; to include
保护	HSK4	bǎo hù	to protect; to defend
保证	HSK4	bǎo zhèng	guarantee; to guarantee
报道	HSK4	bào dào	to report (news); report
报名	HSK4	bào míng	to sign up; to enter one's name
抱	HSK4	bào	to hold; to carry (in one's arms)
抱歉	HSK4	bào qiàn	to be sorry; to feel apologetic
倍	HSK4	bèi	(two, three etc) -fold; times (multiplier)
本来	HSK4	běn lái	original; originally
笨	HSK4	bèn	stupid; foolish
笔记本	HSK4	bǐ jì běn	notebook (stationery); notebook (computing)
毕业	HSK4	bì yè	graduation; to graduate
遍	HSK4	biàn	variant of 遍
标准	HSK4	biāo zhǔn	standard; norm; criterion; (adjective) standard
表达	HSK4	biǎo dá	to express; to convey
表格	HSK4	biǎo gé	form; table
表扬	HSK4	biǎo yáng	to praise; to commend
饼干	HSK4	bǐng gān	biscuit; cracker; cookie
并且	HSK4	bìng qiě	and; besides
博士	HSK4	bó shì	doctor; court academician (in feudal China)
不但	HSK4	bù dàn	not only (... but also ...)
不得不	HSK4	bù dé bù	have no choice or option but to; cannot but
不管	HSK4	bù guǎn	not to be concerned; regardless of
不过	HSK4	bù guò	only; merely
不仅	HSK4	bù jǐn	not just; not limited to; (as a correlative conjunction) not only (..., but also ...)
部分	HSK4	bù fen	part; share
擦	HSK4	cā	to rub; to scratch; to towel; to wipe with a towel
猜	HSK4	cāi	to guess
材料	HSK4	cái liào	(raw) material; data
参观	HSK4	cān guān	to look around; to tour
差不多	HSK4	chà bu duō	almost; nearly
尝	HSK4	cháng	to taste; to try (food); to experience
场	HSK4	cháng	threshing floor; classifier for events and happenings: spell, episode, bout
超过	HSK4	chāo guò	to surpass; to exceed
吵	HSK4	chǎo	to quarrel; to make a noise
成功	HSK4	Chéng gōng	Chenggong or Chengkung town in Taitung County 台东县, southeast Taiwan
成熟	HSK4	chéng shú	mature; ripe; to mature; to ripen
成为	HSK4	chéng wéi	to become; to turn into
诚实	HSK4	chéng shí	honest
乘坐	HSK4	chéng zuò	to ride (in a vehicle)
吃惊	HSK4	chī jīng	to be startled; to be shocked
抽烟	HSK4	chōu yān	to smoke (a cigarette, tobacco)
出差	HSK4	chū chāi	to go on an official or business trip
出发	HSK4	chū fā	to set off; to start (on a journey)
出生	HSK4	chū shēng	to be born
传真	HSK4	chuán zhēn	fax; facsimile
窗户	HSK4	chuāng hu	window
词典	HSK4	cí diǎn	dictionary; also written 辞典
从来	HSK4	cóng lái	always; at all times
粗心	HSK4	cū xīn	careless; thoughtless
答案	HSK4	dá àn	answer; solution
打扮	HSK4	dǎ ban	to decorate; to dress
打扰	HSK4	dǎ rǎo	to disturb; to bother
打印	HSK4	dǎ yìn	to affix a seal; to stamp
打折	HSK4	dǎ zhé	to give a discount
打针	HSK4	dǎ zhēn	to give or have an injection
大夫	HSK4	dà fū	senior official (in imperial China)
大概	HSK4	dà gài	roughly; probably
大使馆	HSK4	dà shǐ guǎn	embassy
大约	HSK4	dà yuē	approximately; probably
代表	HSK4	dài biǎo	representative; delegate
代替	HSK4	dài tì	to replace; to take the place of
戴	HSK4	Dài	surname Dai
弹	HSK4	dàn	crossball; bullet
当	HSK4	dāng	(onom.) dong; ding dong (bell)
当地	HSK4	dāng dì	local
当时	HSK4	dāng shí	then; at that time
刀	HSK4	Dāo	surname Dao
导游	HSK4	dǎo yóu	tour guide; guidebook
到处	HSK4	dào chù	everywhere
到底	HSK4	dào dǐ	finally; in the end
道歉	HSK4	dào qiàn	to apologize
地球	HSK4	dì qiú	the earth
地址	HSK4	dì zhǐ	address
得意	HSK4	dé yì	proud of oneself; pleased with oneself
等	HSK4	děng	class; rank
底	HSK4	de	(equivalent to 的 as possessive particle)
调查	HSK4	diào chá	investigation; inquiry
掉	HSK4	diào	to fall; to drop
丢	HSK4	diū	to lose; to put aside
动作	HSK4	dòng zuò	movement; motion; action; to act; to move
堵车	HSK4	dǔ chē	traffic jam; (of traffic) to get congested
肚子	HSK4	dù zi	belly; abdomen
断	HSK4	duàn	to break; to snap
对	HSK4	duì	right; correct; towards; at; for
对话	HSK4	duì huà	to talk (with sb); dialogue; conversation
对面	HSK4	duì miàn	(sitting) opposite; across (the street)
顿	HSK4	dùn	to stop; to pause
朵	HSK4	duǒ	flower; earlobe
儿童	HSK4	ér tóng	child
而	HSK4	ér	and; as well as
发	HSK4	fā	to send out; to show (one's feeling)
发生	HSK4	fā shēng	to happen; to occur; to take place; to break out
发展	HSK4	fā zhǎn	development; growth
法律	HSK4	fǎ lǜ	law
翻译	HSK4	fān yì	to translate; to interpret
烦恼	HSK4	fán nǎo	to be worried; to be distressed
反对	HSK4	fǎn duì	to oppose; to be against; to object to
反映	HSK4	fǎn yìng	to mirror; to reflect
范围	HSK4	fàn wéi	range; scope
方法	HSK4	fāng fǎ	method; way
方面	HSK4	fāng miàn	respect; aspect
方向	HSK4	fāng xiàng	direction; orientation
访问	HSK4	fǎng wèn	to visit; to call on
放弃	HSK4	fàng qì	to renounce; to abandon; to give up
放暑假	HSK4	fàng shǔ jià	to be on summer vacation
分之	HSK4	fēn zhī	(indicating a fraction)
份	HSK4	fèn	classifier for gifts, newspaper, magazine, papers, reports, contracts etc; variant of 分
丰富	HSK4	fēng fù	to enrich; rich
风景	HSK4	fēng jǐng	scenery; landscape
否则	HSK4	fǒu zé	otherwise; if not; or (else)
符合	HSK4	fú hé	in keeping with; in accordance with
父亲	HSK4	fù qīn	father; also pr. [fù qin]
负责	HSK4	fù zé	to be in charge of; to take responsibility for
复印	HSK4	fù yìn	to photocopy; to duplicate a document
复杂	HSK4	fù zá	complicated; complex
富	HSK4	Fù	surname Fu
改变	HSK4	gǎi biàn	to change; to alter
感动	HSK4	gǎn dòng	to move (sb); to touch (sb emotionally)
感觉	HSK4	gǎn jué	feeling; impression; sensation; to feel; to perceive
感情	HSK4	gǎn qíng	emotion; sentiment
感谢	HSK4	gǎn xiè	(express) thanks; gratitude
干	HSK4	gān	old variant of 干
干杯	HSK4	gān bēi	to drink a toast; Cheers! (proposing a toast)
干燥	HSK4	gān zào	to dry (of weather, paint, cement etc); desiccation
刚刚	HSK4	gāng gang	just recently; just a moment ago
高级	HSK4	gāo jí	high level; high grade
个子	HSK4	gè zi	height; stature
各	HSK4	gè	each; every
工具	HSK4	gōng jù	tool; instrument
工资	HSK4	gōng zī	wages; pay
公里	HSK4	gōng lǐ	kilometer
共同	HSK4	gòng tóng	common; joint
购物	HSK4	gòu wù	shopping
够	HSK4	gòu	enough (sufficient); enough (too much)
估计	HSK4	gū jì	to estimate; to reckon
孤单	HSK4	gū dān	lone; lonely
鼓励	HSK4	gǔ lì	to encourage
鼓掌	HSK4	gǔ zhǎng	to applaud; to clap
故意	HSK4	gù yì	deliberately; on purpose
顾客	HSK4	gù kè	customer; client
挂	HSK4	guà	to hang or suspend (from a hook etc); to hang up (the phone)
关键	HSK4	guān jiàn	crucial point; crux
观众	HSK4	guān zhòng	spectators; audience
管理	HSK4	guǎn lǐ	to supervise; to manage
光	HSK4	guāng	light; ray; bright; shiny
广播	HSK4	guǎng bō	broadcast; broadcasting
广告	HSK4	guǎng gào	to advertise; a commercial
逛	HSK4	guàng	to stroll; to visit
规定	HSK4	guī dìng	to stipulate; to specify; to prescribe; to fix (a price); to set (a quota); regulations; rules; provisions; stipulations
国际	HSK4	guó jì	international
果然	HSK4	guǒ rán	really; sure enough
过	HSK4	Guō	surname Guo
过程	HSK4	guò chéng	course of events; process
咳嗽	HSK4	ké sou	to cough
海洋	HSK4	hǎi yáng	ocean
害羞	HSK4	hài xiū	shy; embarrassed
寒假	HSK4	hán jià	winter vacation
汗	HSK4	hán	see 汗, 汗国
航班	HSK4	háng bān	(scheduled) flight; (scheduled) sailing
好处	HSK4	hǎo chǔ	easy to get along with
好像	HSK4	hǎo xiàng	as if; to seem like
号码	HSK4	hào mǎ	number
合格	HSK4	hé gé	to meet the standard required; qualified
合适	HSK4	hé shì	suitable; fitting
盒子	HSK4	hé zi	box; case
猴子	HSK4	hóu zi	monkey
后悔	HSK4	hòu huǐ	to regret; to feel remorse
后来	HSK4	hòu lái	afterwards; later; newly arrived
厚	HSK4	hòu	thick; deep or profound
忽然	HSK4	hū rán	suddenly; all of a sudden
互相	HSK4	hù xiāng	each other; mutually
护士	HSK4	hù shi	nurse
怀疑	HSK4	huái yí	to doubt (sth); to be skeptical of
回忆	HSK4	huí yì	to recall; memories
活动	HSK4	huó dòng	to exercise; to move about
活泼	HSK4	huó po	lively; vivacious
火	HSK4	Huǒ	surname Huo
获得	HSK4	huò dé	to obtain; to receive; to get
积极	HSK4	jī jí	active; energetic
积累	HSK4	jī lěi	to accumulate; accumulation
基础	HSK4	jī chǔ	base; foundation; basis; basic; fundamental
激动	HSK4	jī dòng	to move emotionally; to stir up (emotions)
及时	HSK4	jí shí	timely; at the right time; promptly; without delay
即使	HSK4	jí shǐ	even if; even though
极其	HSK4	jí qí	extremely
集合	HSK4	jí hé	to gather; to assemble; (math.) set
计划	HSK4	jì huà	plan; project
记者	HSK4	jì zhě	reporter; journalist
技术	HSK4	jì shù	technology; technique; skill
既然	HSK4	jì rán	since; as
继续	HSK4	jì xù	to continue; to proceed with
寄	HSK4	jì	to send; to mail
加班	HSK4	jiā bān	to work overtime
加油站	HSK4	jiā yóu zhàn	gas station
家具	HSK4	jiā jù	furniture
假	HSK4	gēi	used in 掰
价格	HSK4	jià gé	price
坚持	HSK4	jiān chí	to persevere with; to persist in
减肥	HSK4	jiǎn féi	to lose weight
减少	HSK4	jiǎn shǎo	to lessen; to decrease; to reduce; to lower
将来	HSK4	jiāng lái	in the future; future
奖金	HSK4	jiǎng jīn	premium; award money
降低	HSK4	jiàng dī	to reduce; to lower; to bring down
交	HSK4	jiāo	to hand over; to deliver
交流	HSK4	jiāo liú	to exchange; exchange
交通	HSK4	jiāo tōng	to be connected; traffic
骄傲	HSK4	jiāo ào	pride; arrogance
饺子	HSK4	jiǎo zi	dumpling; pot-sticker
教授	HSK4	jiào shòu	professor; to instruct
教育	HSK4	jiào yù	to educate; to teach
接受	HSK4	jiē shòu	to accept; to receive
节约	HSK4	jié yuē	to economize; to conserve (resources)
结果	HSK4	jiē guǒ	to bear fruit
解释	HSK4	jiě shì	explanation; to explain
尽管	HSK4	jǐn guǎn	despite; although
紧张	HSK4	jǐn zhāng	nervous; keyed up
进行	HSK4	jìn xíng	to advance; to conduct
禁止	HSK4	jìn zhǐ	to prohibit; to forbid
京剧	HSK4	Jīng jù	Beijing opera
经济	HSK4	jīng jì	economy; economic
经历	HSK4	jīng lì	experience; to experience
经验	HSK4	jīng yàn	experience; to experience
精彩	HSK4	jīng cǎi	wonderful; marvelous
精神	HSK4	jīng shén	spirit; mind
警察	HSK4	jǐng chá	police; police officer
竞争	HSK4	jìng zhēng	to compete; competition
竟然	HSK4	jìng rán	unexpectedly; to one's surprise
镜子	HSK4	jìng zi	mirror
究竟	HSK4	jiū jìng	to go to the bottom of a matter; after all
举办	HSK4	jǔ bàn	to conduct; to hold
拒绝	HSK4	jù jué	to refuse; to decline; to reject
距离	HSK4	jù lí	distance; to be apart from
开玩笑	HSK4	kāi wán xiào	to play a joke; to make fun of
看法	HSK4	kàn fǎ	way of looking at a thing; view
考虑	HSK4	kǎo lǜ	to think over; to consider
科学	HSK4	kē xué	science; scientific knowledge
棵	HSK4	kē	classifier for trees, cabbages, plants etc
可怜	HSK4	kě lián	pitiful; pathetic
可是	HSK4	kě shì	but; however; (used for emphasis) indeed
可惜	HSK4	kě xī	it is a pity; what a pity
肯定	HSK4	kěn dìng	to be certain; to be positive
空气	HSK4	kōng qì	air; atmosphere
恐怕	HSK4	kǒng pà	fear; to dread
苦	HSK4	kǔ	bitter; hardship
宽	HSK4	Kuān	surname Kuan
困	HSK4	kùn	to trap; to surround
困难	HSK4	kùn nan	difficult; challenging
扩大	HSK4	kuò dà	to expand; to enlarge
垃圾桶	HSK4	lā jī tǒng	rubbish bin; trash can
拉	HSK4	lā	to pull; to play (a bowed instrument)
辣	HSK4	là	old variant of 辣
来不及	HSK4	lái bu jí	there's not enough time (to do sth); it's too late (to do sth)
来得及	HSK4	lái de jí	to have enough time; can do it in time; can still make it
懒	HSK4	lǎn	variant of 懒
浪费	HSK4	làng fèi	to waste; to squander
浪漫	HSK4	làng màn	romantic
老虎	HSK4	lǎo hǔ	tiger
冷静	HSK4	lěng jìng	calm; cool-headed; dispassionate; (of a place) deserted; quiet
礼貌	HSK4	lǐ mào	courtesy; politeness; manners; courteous; polite
理发	HSK4	lǐ fà	to get a haircut; to have one's hair done; to cut (sb's) hair; to give (sb) a haircut
理解	HSK4	lǐ jiě	to comprehend; to understand
理想	HSK4	lǐ xiǎng	an ideal; a dream
力气	HSK4	lì qi	strength
厉害	HSK4	lì hai	(used to describe sb or sth that makes a very strong impression, whether favorable or unfavorable) terrible; intense
例如	HSK4	lì rú	for example; for instance; such as
俩	HSK4	liǎ	two (colloquial equivalent of 两个); both
连	HSK4	Lián	surname Lian
联系	HSK4	lián xì	variant of 联系
凉快	HSK4	liáng kuai	nice and cold; pleasantly cool
亮	HSK4	liàng	bright; clear
聊天	HSK4	liáo tiān	to chat; to gossip
另外	HSK4	lìng wài	additional; in addition
流泪	HSK4	liú lèi	to shed tears
流利	HSK4	liú lì	fluent
流行	HSK4	liú xíng	(of a contagious disease etc) to spread; to propagate
留	HSK4	liú	old variant of 留
留学	HSK4	liú xué	to study abroad
律师	HSK4	lǜ shī	lawyer
乱	HSK4	luàn	in confusion or disorder; in a confused state of mind
麻烦	HSK4	má fan	trouble; inconvenience; inconvenient; troublesome; annoying
马虎	HSK4	mǎ hu	careless; sloppy
满	HSK4	Mǎn	Manchu ethnic group
毛巾	HSK4	máo jīn	towel
美丽	HSK4	měi lì	beautiful
梦	HSK4	mèng	dream; (bound form) to dream
密码	HSK4	mì mǎ	cipher; secret code; password; PIN
免费	HSK4	miǎn fèi	free (of charge)
民族	HSK4	mín zú	nationality; ethnic group
母亲	HSK4	mǔ qīn	mother; also pr. [mǔ qin]
目的	HSK4	mù dì	purpose; aim; goal; target; objective
耐心	HSK4	nài xīn	to be patient; patience
难道	HSK4	nán dào	don't tell me ...; could it be that...?
难受	HSK4	nán shòu	to feel unwell; to suffer pain
内	HSK4	nèi	inside; inner
内容	HSK4	nèi róng	content; substance
能力	HSK4	néng lì	capability; ability
年龄	HSK4	nián líng	(a person's) age
农村	HSK4	nóng cūn	rural area; village
弄	HSK4	lòng	lane; alley
暖和	HSK4	nuǎn huo	warm; nice and warm
偶尔	HSK4	ǒu ěr	occasionally; once in a while
排列	HSK4	pái liè	to arrange in order; (math.) permutation
判断	HSK4	pàn duàn	to judge; to determine
陪	HSK4	péi	to accompany; to keep sb company
批评	HSK4	pī píng	to criticize; criticism
皮肤	HSK4	pí fū	skin
脾气	HSK4	pí qi	character; temperament
篇	HSK4	piān	sheet; piece of writing
骗	HSK4	piàn	to cheat; to swindle
乒乓球	HSK4	pīng pāng qiú	table tennis; ping-pong
平时	HSK4	píng shí	ordinarily; in normal times
瓶子	HSK4	píng zi	bottle
破	HSK4	pò	broken; damaged
普遍	HSK4	pǔ biàn	universal; general
其次	HSK4	qí cì	next; secondly
其中	HSK4	qí zhōng	among; in
起飞	HSK4	qǐ fēi	(of an aircraft) to take off
起来	HSK4	qǐ lai	to stand up; to get up
气候	HSK4	qì hòu	(meteorology) climate; (fig.) climate; prevailing conditions (in human affairs)
千万	HSK4	qiān wàn	ten million; countless
签证	HSK4	qiān zhèng	visa; to issue a visa
墙	HSK4	qiáng	variant of 墙, wall
敲	HSK4	qiāo	to hit; to strike
桥	HSK4	qiáo	bridge
巧克力	HSK4	qiǎo kè lì	chocolate (loanword)
亲戚	HSK4	qīn qi	a relative (i.e. family relation)
轻	HSK4	qīng	light; easy
轻松	HSK4	qīng sōng	light; gentle
情况	HSK4	qíng kuàng	circumstances; state of affairs; situation
请假	HSK4	qǐng jià	to request leave of absence
请客	HSK4	qǐng kè	to give a dinner party; to entertain guests
穷	HSK4	qióng	poor; destitute
区别	HSK4	qū bié	difference; to distinguish
取	HSK4	qǔ	to take; to get
全部	HSK4	quán bù	whole; all
缺点	HSK4	quē diǎn	weak point; fault
缺少	HSK4	quē shǎo	lack; shortage of
却	HSK4	què	old variant of 却
确实	HSK4	què shí	indeed; really
群	HSK4	qún	variant of 群
然而	HSK4	rán ér	however; yet; but
热闹	HSK4	rè nao	bustling with noise and excitement; lively
人民币	HSK4	rén mín bì	Renminbi (RMB); Chinese Yuan (CNY)
任何	HSK4	rèn hé	any; whatever
任务	HSK4	rèn wu	mission; assignment; task; duty; role
扔	HSK4	rēng	to throw; to throw away
仍然	HSK4	réng rán	still; as before; yet
日记	HSK4	rì jì	diary
入口	HSK4	rù kǒu	entrance; to import
软	HSK4	ruǎn	soft; flexible
散步	HSK4	sàn bù	to take a walk; to go for a walk
森林	HSK4	sēn lín	forest
沙发	HSK4	shā fā	sofa (loanword); (Internet slang) the first reply or replier to a forum post
伤心	HSK4	shāng xīn	to grieve; to be broken-hearted
商量	HSK4	shāng liang	to consult; to talk over
稍微	HSK4	shāo wēi	a little bit
社会	HSK4	shè huì	society
申请	HSK4	shēn qǐng	to apply for sth; application form
深	HSK4	shēn	old variant of 深
甚至	HSK4	shèn zhì	even; so much so that
生活	HSK4	shēng huó	to live; life
生命	HSK4	shēng mìng	life (as the characteristic of living beings); living being; creature
省	HSK4	shěng	to save; to economize; to be frugal; to omit; to delete; to leave out
剩	HSK4	shèng	to remain; to be left
失败	HSK4	shī bài	to be defeated; to lose
失望	HSK4	shī wàng	disappointed; to lose hope
师傅	HSK4	shī fu	master; qualified worker
狮子	HSK4	Shī zǐ	Leo (star sign); Shihtzu township in Pingtung County 屏东县, Taiwan
湿润	HSK4	shī rùn	moist
十分	HSK4	shí fēn	very; completely
实际	HSK4	shí jì	reality; practice
实在	HSK4	shí zài	really; actually
食品	HSK4	shí pǐn	foodstuff; food; provisions
使用	HSK4	shǐ yòng	to use; to employ
世纪	HSK4	shì jì	century
市场	HSK4	shì chǎng	marketplace; market (also in abstract)
试	HSK4	shì	to test; to try
适合	HSK4	shì hé	to fit; to suit
适应	HSK4	shì yìng	to adapt; to fit
收	HSK4	shōu	to receive; to accept
收入	HSK4	shōu rù	to take in; income
收拾	HSK4	shōu shi	to put in order; to tidy up
首都	HSK4	shǒu dū	capital (city)
首先	HSK4	shǒu xiān	first (of all); in the first place
受不了	HSK4	shòu bù liǎo	unbearable; unable to endure
受到	HSK4	shòu dào	to receive (praise, an education, punishment etc); to be ...ed (praised, educated, punished etc)
售货员	HSK4	shòu huò yuán	salesperson
输	HSK4	shū	to lose; to be beaten; (bound form) to transport
熟悉	HSK4	shú xī	to be familiar with; to know well
数量	HSK4	shù liàng	amount; quantity
数字	HSK4	shù zì	numeral; digit
帅	HSK4	Shuài	surname Shuai
顺便	HSK4	shùn biàn	conveniently; in passing
顺利	HSK4	shùn lì	smoothly; without a hitch
顺序	HSK4	shùn xù	sequence; order
说明	HSK4	shuō míng	to explain; to illustrate
硕士	HSK4	shuò shì	master's degree; person who has a master's degree
死	HSK4	sǐ	to die; impassable
速度	HSK4	sù dù	speed; rate
塑料袋	HSK4	sù liào dài	plastic bag
酸	HSK4	suān	sour; tart
算	HSK4	suàn	to regard as; to figure
随便	HSK4	suí biàn	as one wishes; as one pleases
随着	HSK4	suí zhe	along with; in the wake of
孙子	HSK4	Sūn zǐ	Sun Tzu, also known as Sun Wu 孙武 (c. 500 BC, dates of birth and death uncertain), general, strategist and philosopher of the Spring and Autumn Period (700-475 BC), believed to be the author of the “Art of War” 孙子兵法, one of the Seven Military Classics of ancient China 武经七书
所有	HSK4	suǒ yǒu	all; to have; to possess; to own
台	HSK4	Tái	Taiwan (abbr.); surname Tai
抬	HSK4	tái	to lift; to raise
态度	HSK4	tài du	manner; bearing
谈	HSK4	Tán	surname Tan
汤	HSK4	Tāng	surname Tang
躺	HSK4	tǎng	to recline; to lie down
趟	HSK4	tāng	old variant of 趟
讨论	HSK4	tǎo lùn	to discuss; to talk over
讨厌	HSK4	tǎo yàn	to dislike; to loathe
特点	HSK4	tè diǎn	characteristic (feature); trait
提供	HSK4	tí gōng	to offer; to supply
提前	HSK4	tí qián	to shift to an earlier date; to do sth ahead of time
提醒	HSK4	tí xǐng	to remind; to call attention to
填空	HSK4	tián kòng	to fill a job vacancy; to fill in a blank (e.g. on questionnaire or exam paper)
条件	HSK4	tiáo jiàn	condition; circumstance; term; factor; requirement; prerequisite; qualification
停止	HSK4	tíng zhǐ	to stop; to halt; to cease
挺	HSK4	tǐng	straight; erect
通过	HSK4	tōng guò	to pass through; to get through; to adopt (a resolution); to pass (legislation)
通知	HSK4	tōng zhī	to notify; to inform
同情	HSK4	tóng qíng	to sympathize with; sympathy
推	HSK4	tuī	to push; to cut
推迟	HSK4	tuī chí	to postpone; to put off
脱	HSK4	tuō	to shed; to take off
袜子	HSK4	wà zi	socks; stockings
完全	HSK4	wán quán	complete; whole; totally; entirely
网球	HSK4	wǎng qiú	tennis; tennis ball
网站	HSK4	wǎng zhàn	website; network station
往	HSK4	wǎng	to go (in a direction); to
往往	HSK4	wǎng wǎng	usually; in many cases
危险	HSK4	wēi xiǎn	danger; dangerous
味道	HSK4	wèi dao	flavor; taste; (fig.) feeling (of ...); sense (of ...); hint (of ...)
温度	HSK4	wēn dù	temperature
文章	HSK4	wén zhāng	article; essay
握手	HSK4	wò shǒu	to shake hands
污染	HSK4	wū rǎn	to pollute; to contaminate (lit. and fig.)
无	HSK4	wú	not to have; no
无聊	HSK4	wú liáo	bored; boring
无论	HSK4	wú lùn	no matter what or how; regardless of whether...
误会	HSK4	wù huì	to misunderstand; to mistake
吸引	HSK4	xī yǐn	to attract; to appeal to; to fascinate
洗衣机	HSK4	xǐ yī jī	washing machine; washer
西红柿	HSK4	xī hóng shì	tomato
咸	HSK4	Xián	surname Xian
现代	HSK4	Xiàn dài	Hyundai, South Korean company
限制	HSK4	xiàn zhì	to restrict; to limit
羡慕	HSK4	xiàn mù	to envy; to admire
相反	HSK4	xiāng fǎn	opposite; contrary
香	HSK4	xiāng	fragrant; sweet smelling
详细	HSK4	xiáng xì	detailed; in detail
响	HSK4	xiǎng	echo; sound
消息	HSK4	xiāo xi	news; information
小说	HSK4	xiǎo shuō	novel; fiction
效果	HSK4	xiào guǒ	result; effect
笑话	HSK4	xiào hua	joke; jest; to laugh at; to mock
心情	HSK4	xīn qíng	mood; frame of mind
辛苦	HSK4	xīn kǔ	exhausting; hard
信任	HSK4	xìn rèn	to trust; to have confidence in
信心	HSK4	xìn xīn	confidence; faith (in sb or sth)
信用卡	HSK4	xìn yòng kǎ	credit card
行	HSK4	háng	row; line
醒	HSK4	xǐng	to wake up; to be awake
兴奋	HSK4	xīng fèn	excited; excitement
幸福	HSK4	xìng fú	happiness; happy
性别	HSK4	xìng bié	gender; sex
性格	HSK4	xìng gé	nature; disposition
修	HSK4	Xiū	surname Xiu
许多	HSK4	xǔ duō	many; a lot of
血	HSK4	xuè	blood; colloquial pr. [xiě]
压力	HSK4	yā lì	pressure
牙膏	HSK4	yá gāo	toothpaste
亚洲	HSK4	Yà zhōu	Asia (abbr. for 亚细亚洲)
呀	HSK4	ya	(particle equivalent to 啊 after a vowel, expressing surprise or doubt)
严格	HSK4	yán gé	strict; stringent
严重	HSK4	yán zhòng	grave; serious
研究生	HSK4	yán jiū shēng	graduate student; postgraduate student
盐	HSK4	yán	salt
演出	HSK4	yǎn chū	to act (in a play); to perform
演员	HSK4	yǎn yuán	actor or actress; performer
阳光	HSK4	yáng guāng	sunshine; (of personality) upbeat; energetic
养成	HSK4	yǎng chéng	to cultivate; to raise
样子	HSK4	yàng zi	appearance; manner
邀请	HSK4	yāo qǐng	to invite; invitation
钥匙	HSK4	yào shi	key
也许	HSK4	yě xǔ	perhaps; maybe
叶子	HSK4	yè zi	leaf; (slang) marijuana
页	HSK4	xié	head
一切	HSK4	yī qiè	everything; every
以	HSK4	yǐ	old variant of 以
亿	HSK4	yì	100 million
艺术	HSK4	yì shù	art
意见	HSK4	yì jiàn	idea; opinion
因此	HSK4	yīn cǐ	thus; consequently; as a result
引起	HSK4	yǐn qǐ	to give rise to; to lead to; to cause; to arouse
饮料	HSK4	yǐn liào	drink; beverage
印象	HSK4	yìn xiàng	impression (sth that stays in one's mind); a memory
赢	HSK4	yíng	to beat; to win
硬	HSK4	yìng	hard; stiff; solid; (fig.) strong; firm
永远	HSK4	yǒng yuǎn	forever; eternal
勇敢	HSK4	yǒng gǎn	brave; courageous
优点	HSK4	yōu diǎn	merit; benefit
优秀	HSK4	yōu xiù	outstanding; excellent
幽默	HSK4	yōu mò	(loanword) humor; humorous
尤其	HSK4	yóu qí	especially; particularly
由	HSK4	yóu	to follow; from
由于	HSK4	yóu yú	due to; as a result of
有趣	HSK4	yǒu qù	interesting; fascinating
友好	HSK4	Yǒu hǎo	Youhao district of Yichun city 市, Heilongjiang
友谊	HSK4	yǒu yì	companionship; fellowship
于是	HSK4	yú shì	thereupon; as a result; consequently; thus; hence
愉快	HSK4	yú kuài	cheerful; cheerily
与	HSK4	yú	variant of 欤
羽毛球	HSK4	yǔ máo qiú	shuttlecock; badminton
语法	HSK4	yǔ fǎ	grammar
语言	HSK4	yǔ yán	language
预习	HSK4	yù xí	to prepare a lesson
原来	HSK4	yuán lái	original; former
原谅	HSK4	yuán liàng	to excuse; to forgive
原因	HSK4	yuán yīn	cause; origin
圆	HSK4	yuán	circle; round
约会	HSK4	yuē huì	appointment; engagement
阅读	HSK4	yuè dú	to read; reading
允许	HSK4	yǔn xǔ	to permit; to allow
杂志	HSK4	zá zhì	magazine
咱们	HSK4	zán men	we or us (including both the speaker and the person(s) spoken to); (dialect) I or me
暂时	HSK4	zàn shí	temporary; provisional
脏	HSK4	zàng	viscera; (anatomy) organ
责任	HSK4	zé rèn	responsibility; blame
增加	HSK4	zēng jiā	to raise; to increase
增长	HSK4	zēng zhǎng	to grow; to increase
窄	HSK4	zhǎi	narrow; narrow-minded
长城	HSK4	Cháng chéng	the Great Wall
长江	HSK4	Cháng Jiāng	Yangtze River, or Chang Jiang
招聘	HSK4	zhāo pìn	to invite applications for a job; to recruit
著名	HSK4	zhù míng	famous; noted
真正	HSK4	zhēn zhèng	genuine; real; true; really; indeed
整理	HSK4	zhěng lǐ	to arrange; to tidy up
整齐	HSK4	zhěng qí	orderly; neat
正常	HSK4	zhèng cháng	regular; normal
正好	HSK4	zhèng hǎo	just (in time); just right
正确	HSK4	zhèng què	correct; sound; right; proper
正式	HSK4	zhèng shì	formal; official
证明	HSK4	zhèng míng	proof; certificate
之	HSK4	zhī	(possessive particle, literary equivalent of 的); him
支持	HSK4	zhī chí	to be in favor of; to support
知识	HSK4	zhī shi	knowledge; intellectual
直接	HSK4	zhí jiē	direct (opposite: indirect 间接); immediate
值得	HSK4	zhí de	to be worth; to deserve
职业	HSK4	zhí yè	occupation; profession; vocation; professional
植物	HSK4	zhí wù	plant; vegetation
只好	HSK4	zhǐ hǎo	to have no other option but to ...; to have to; to be forced to
只要	HSK4	zhǐ yào	if only; so long as
指	HSK4	zhǐ	finger; to point at or to
至少	HSK4	zhì shǎo	at least; (to say the) least
制造	HSK4	zhì zào	to manufacture; to make
质量	HSK4	zhì liàng	quality; (physics) mass
中文	HSK4	Zhōng wén	Chinese language
重点	HSK4	chóng diǎn	to recount (e.g. results of election); to re-evaluate
重视	HSK4	zhòng shì	to attach importance to sth; to value
重新	HSK4	chóng xīn	again; once more; re-
周围	HSK4	zhōu wéi	environs; surroundings; periphery
猪	HSK4	zhū	hog; pig
逐渐	HSK4	zhú jiàn	gradually
主动	HSK4	zhǔ dòng	to take the initiative; to do sth of one's own accord
主意	HSK4	zhǔ yi	plan; idea
祝贺	HSK4	zhù hè	to congratulate; congratulations
专门	HSK4	zhuān mén	specialist; specialized
专业	HSK4	zhuān yè	specialty; specialized field
赚	HSK4	zhuàn	to earn; to make a profit
撞	HSK4	zhuàng	to knock against; to bump into
准确	HSK4	zhǔn què	accurate; exact; precise
准时	HSK4	zhǔn shí	on time; punctual
仔细	HSK4	zǐ xì	careful; attentive; cautious; to be careful; to look out
自然	HSK4	zì rán	nature; natural
总结	HSK4	zǒng jié	to sum up; to conclude
租	HSK4	zū	to hire; to rent
组成	HSK4	zǔ chéng	to form; to make up
组织	HSK4	zǔ zhī	to organize; organization
嘴	HSK4	zuǐ	mouth; beak
最好	HSK4	zuì hǎo	best; (you) had better (do what we suggest)
最后	HSK4	zuì hòu	final; last
尊重	HSK4	zūn zhòng	to esteem; to respect
作者	HSK4	zuò zhě	author; writer
座	HSK4	zuò	seat; base
座位	HSK4	zuò wèi	seat
做生意	HSK4	zuò shēng yì	to do business
